{
  "project_info": {
    "project_number": "445949591308",
    "project_id": "login-news-app-1c2a6",
    "storage_bucket": "login-news-app-1c2a6.appspot.com"
  },
  "client": [
    {
      "client_info": {
        "mobilesdk_app_id": "1:445949591308:android:5b03cb0200d494dd165329",
        "android_client_info": {
          "package_name": "com.example.newsworld"
        }
      },
      "oauth_client": [
        {
          "client_id": "445949591308-rjluubofieei14pvg8bmprh1dt461sun.apps.googleusercontent.com",
          "client_type": 3
        }
      ],
      "api_key": [
        {
          "current_key": "AIzaSyCHGM7ujFZu49-xdDHRB_K1XDhvXrVUPNU"
        }
      ],
      "services": {
        "appinvite_service": {
          "other_platform_oauth_client": [
            {
              "client_id": "445949591308-rjluubofieei14pvg8bmprh1dt461sun.apps.googleusercontent.com",
              "client_type": 3
            }
          ]
        }
      }
    }
  ],
  "configuration_version": "1"
}